Rohde&Schwarz,FSMR-3,200017/003,4.26;1.82.1.106;Rohde & Schwarz GmbH;FSMR-3;0,B10,B16,B25;2024-07-11 14:21:44
Rohde&Schwarz,FSMR-3,200017/003,4.26;1.82.1.106;Rohde & Schwarz GmbH;FSMR-3;0,B10,B16,B25;2024-07-11 16:00:18
Rohde&Schwarz,FSMR-3,200017/003,4.26;1.82.1.106;Rohde & Schwarz GmbH;FSMR-3;2024-07-11 16:02:49
Rohde&Schwarz,FSMR-3,200017/003,4.26;1.82.1.106;Rohde & Schwarz GmbH;FSMR-3;2024-07-11 16:07:56
Rohde&Schwarz,FSMR-3,200017/003,4.26;1.82.1.106;Rohde & Schwarz GmbH;FSMR-3;2024-07-11 16:08:01
Rohde&Schwarz,FSMR-3,200017/003,4.26;1.82.1.106;Rohde & Schwarz GmbH;FSMR-3;2024-07-11 16:09:48
Rohde&Schwarz,FSMR-3,200017/003,4.26;1.82.1.106;Rohde & Schwarz GmbH;FSMR-3;2024-07-11 16:56:20
Rohde&Schwarz,FSMR-3,200017/003,4.26;1.82.1.106;Rohde & Schwarz GmbH;FSMR-3;2024-07-11 17:01:36
Rohde&Schwarz,FSMR-3,200017/003,4.26;1.82.1.106;Rohde & Schwarz GmbH;FSMR-3;2024-07-11 17:09:19
Rohde&Schwarz,FSMR-3,200017/003,4.26;1.82.1.106;Rohde & Schwarz GmbH;FSMR-3;2024-07-11 18:10:55
Rohde&Schwarz,FSMR-3,200017/003,4.26;1.82.1.106;Rohde & Schwarz GmbH;FSMR-3;2024-07-12 17:55:13
Rohde&Schwarz,FSMR-3,200017/003,4.26;1.82.1.106;Rohde & Schwarz GmbH;FSMR-3;2024-07-12 19:56:01
Rohde&Schwarz,FSMR-3,200017/003,4.26;1.82.1.106;Rohde & Schwarz GmbH;FSMR-3;2024-07-15 12:32:45
Rohde&Schwarz,FSMR-3,200017/003,4.26;1.82.1.106;Rohde & Schwarz GmbH;FSMR-3;2024-07-15 12:39:30
Rohde&Schwarz,FSMR-3,200017/003,4.26;1.82.1.106;Rohde & Schwarz GmbH;FSMR-3;2024-07-15 12:40:19
Rohde&Schwarz,FSMR-3,200017/003,4.26;1.82.1.106;Rohde & Schwarz GmbH;FSMR-3;2024-07-15 12:42:16
Rohde&Schwarz,FSMR-3,200017/003,4.26;1.82.1.106;Rohde & Schwarz GmbH;FSMR-3;2024-07-15 12:46:49
Rohde&Schwarz,FSMR-3,200017/003,4.26;1.82.1.106;Rohde & Schwarz GmbH;FSMR-3;2024-07-15 12:48:02
Rohde&Schwarz,FSMR-3,200017/003,4.26;1.82.1.106;Rohde & Schwarz GmbH;FSMR-3;2024-07-15 12:49:21
Rohde&Schwarz,FSMR-3,200017/003,4.26;1.82.1.106;Rohde & Schwarz GmbH;FSMR-3;2024-07-15 12:55:25
Rohde&Schwarz,FSMR-3,200017/003,4.26;1.82.1.106;Rohde & Schwarz GmbH;FSMR-3;2024-07-15 12:57:38
Rohde&Schwarz,FSMR-3,200017/003,4.26;1.82.1.106;Rohde & Schwarz GmbH;FSMR-3;2024-07-15 13:36:41
Rohde&Schwarz,FSMR-3,200017/003,4.26;1.82.1.106;Rohde & Schwarz GmbH;FSMR-3;2024-07-15 14:01:14
Rohde&Schwarz,FSMR-3,200017/003,4.26;1.82.1.106;Rohde & Schwarz GmbH;FSMR-3;2024-07-15 14:01:58
Rohde&Schwarz,FSMR-3,200017/003,4.26;1.82.1.106;Rohde & Schwarz GmbH;FSMR-3;2024-07-15 14:10:12
Rohde&Schwarz,FSMR-3,200017/003,4.26;1.82.1.106;Rohde & Schwarz GmbH;FSMR-3;2024-07-15 14:12:49
Rohde&Schwarz,FSMR-3,200017/003,4.26;1.82.1.106;Rohde & Schwarz GmbH;FSMR-3;2024-07-15 14:14:50
Rohde&Schwarz,FSMR-3,200017/003,4.26;1.82.1.106;Rohde & Schwarz GmbH;FSMR-3;2024-07-15 14:16:02
Rohde&Schwarz,FSMR-3,200017/003,4.26;1.82.1.106;Rohde & Schwarz GmbH;FSMR-3;2024-07-15 14:19:41
Rohde&Schwarz,FSMR-3,200017/003,4.26;1.82.1.106;Rohde & Schwarz GmbH;FSMR-3;2024-07-15 14:20:26
Rohde&Schwarz,FSMR-3,200017/003,4.26;1.82.1.106;Rohde & Schwarz GmbH;FSMR-3;2024-07-15 14:22:00
Rohde&Schwarz,FSMR-3,200017/003,4.26;1.82.1.106;Rohde & Schwarz GmbH;FSMR-3;2024-07-15 14:23:57
Rohde&Schwarz,FSMR-3,200017/003,4.26;1.82.1.106;Rohde & Schwarz GmbH;FSMR-3;2024-07-15 14:25:17
Rohde&Schwarz,FSMR-3,200017/003,4.26;1.82.1.106;Rohde & Schwarz GmbH;FSMR-3;2024-07-15 14:26:57
Rohde&Schwarz,FSMR-3,200017/003,4.26;1.82.1.106;Rohde & Schwarz GmbH;FSMR-3;2024-07-15 14:40:13
Rohde&Schwarz,FSMR-3,200017/003,4.26;1.82.1.106;Rohde & Schwarz GmbH;FSMR-3;2024-07-15 14:51:41
Rohde&Schwarz,FSMR-3,200017/003,4.26;1.82.1.106;Rohde & Schwarz GmbH;FSMR-3;2024-07-15 15:50:50
Rohde&Schwarz,FSMR-3,200017/003,4.26;1.82.1.106;Rohde & Schwarz GmbH;FSMR-3;2024-07-15 16:07:29
Rohde&Schwarz,FSMR-3,200017/003,4.26;1.82.1.106;Rohde & Schwarz GmbH;FSMR-3;2024-07-15 16:09:23
Rohde&Schwarz,FSMR-3,200017/003,4.26;1.82.1.106;Rohde & Schwarz GmbH;FSMR-3;2024-07-15 16:10:17
Rohde&Schwarz,FSMR-3,200017/003,4.26;1.82.1.106;Rohde & Schwarz GmbH;FSMR-3;2024-07-15 16:11:03
Rohde&Schwarz,FSMR-3,200017/003,4.26;1.82.1.106;Rohde & Schwarz GmbH;FSMR-3;2024-07-15 16:11:48
Rohde&Schwarz,FSMR-3,200017/003,4.26;1.82.1.106;Rohde & Schwarz GmbH;FSMR-3;2024-07-15 16:13:58
Rohde&Schwarz,FSMR-3,200017/003,4.26;1.82.1.106;Rohde & Schwarz GmbH;FSMR-3;2024-07-15 16:15:56
Rohde&Schwarz,FSMR-3,200017/003,4.26;1.82.1.106;Rohde & Schwarz GmbH;FSMR-3;2024-07-15 16:17:12
Rohde&Schwarz,FSMR-3,200017/003,4.26;1.82.1.106;Rohde & Schwarz GmbH;FSMR-3;2024-07-15 16:18:39
Rohde&Schwarz,FSMR-3,200017/003,4.26;1.82.1.106;Rohde & Schwarz GmbH;FSMR-3;2024-07-15 16:19:58
Rohde&Schwarz,FSMR-3,200017/003,4.26;1.82.1.106;Rohde & Schwarz GmbH;FSMR-3;2024-07-15 16:21:37
Rohde&Schwarz,FSMR-3,200017/003,4.26;1.82.1.106;Rohde & Schwarz GmbH;FSMR-3;2024-07-15 16:26:06
Rohde&Schwarz,FSMR-3,200017/003,4.26;1.82.1.106;Rohde & Schwarz GmbH;FSMR-3;2024-07-15 16:33:14
Rohde&Schwarz,FSMR-3,200017/003,4.26;1.82.1.106;Rohde & Schwarz GmbH;FSMR-3;2024-07-15 16:44:04
Rohde&Schwarz,FSMR-3,200017/003,4.26;1.82.1.106;Rohde & Schwarz GmbH;FSMR-3;2024-07-15 16:45:34
Rohde&Schwarz,FSMR-3,200017/003,4.26;1.82.1.106;Rohde & Schwarz GmbH;FSMR-3;2024-07-15 17:25:33
Rohde&Schwarz,FSMR-3,200017/003,4.26;1.82.1.106;Rohde & Schwarz GmbH;FSMR-3;2024-07-15 17:33:59
Rohde&Schwarz,FSMR-3,200017/003,4.26;1.82.1.106;Rohde & Schwarz GmbH;FSMR-3;2024-07-15 17:45:32
Rohde&Schwarz,FSMR-3,200017/003,4.26;1.82.1.106;Rohde & Schwarz GmbH;FSMR-3;2024-07-15 17:47:20
Rohde&Schwarz,FSMR-3,200017/003,4.26;1.82.1.106;Rohde & Schwarz GmbH;FSMR-3;2024-07-15 17:49:18
Rohde&Schwarz,FSMR-3,200017/003,4.26;1.82.1.106;Rohde & Schwarz GmbH;FSMR-3;2024-07-15 17:55:14
Rohde&Schwarz,FSMR-3,200017/003,4.26;1.82.1.106;Rohde & Schwarz GmbH;FSMR-3;2024-07-15 18:14:22
Rohde&Schwarz,FSMR-3,200017/003,4.26;1.82.1.106;Rohde & Schwarz GmbH;FSMR-3;2024-07-15 18:49:31
Rohde&Schwarz,FSMR-3,200017/003,4.26;1.82.1.106;Rohde & Schwarz GmbH;FSMR-3;2024-07-15 18:52:34
Rohde&Schwarz,FSMR-3,200017/003,4.26;1.82.1.106;Rohde & Schwarz GmbH;FSMR-3;2024-07-15 18:53:39
Rohde&Schwarz,FSMR-3,200017/003,4.26;1.82.1.106;Rohde & Schwarz GmbH;FSMR-3;2024-07-15 18:56:05
Rohde&Schwarz,FSMR-3,200017/003,4.26;1.82.1.106;Rohde & Schwarz GmbH;FSMR-3;2024-07-15 19:07:43
Rohde&Schwarz,FSMR-3,200017/003,4.26;1.82.1.106;Rohde & Schwarz GmbH;FSMR-3;2024-07-15 19:10:03
Rohde&Schwarz,FSMR-3,200017/003,4.26;1.82.1.106;Rohde & Schwarz GmbH;FSMR-3;2024-07-15 20:07:51
Rohde&Schwarz,FSMR-3,200017/003,4.26;1.82.1.106;Rohde & Schwarz GmbH;FSMR-3;2024-07-15 20:10:49
Rohde&Schwarz,FSMR-3,200017/003,4.26;1.82.1.106;Rohde & Schwarz GmbH;FSMR-3;2024-07-16 07:43:13
Rohde&Schwarz,FSMR-3,200017/003,4.26;1.82.1.106;Rohde & Schwarz GmbH;FSMR-3;2024-07-16 10:34:56
Rohde&Schwarz,FSMR-3,200017/003,4.26;1.82.1.106;Rohde & Schwarz GmbH;FSMR-3;2024-07-16 13:28:31
Rohde&Schwarz,FSMR-3,200017/003,4.26;1.82.1.106;Rohde & Schwarz GmbH;FSMR-3;2024-07-16 13:42:48
Rohde&Schwarz,FSMR-3,200017/003,4.26;1.82.1.106;Rohde & Schwarz GmbH;FSMR-3;2024-07-16 15:05:09
Rohde&Schwarz,FSMR-3,200017/003,4.26;1.82.1.106;Rohde & Schwarz GmbH;FSMR-3;2024-07-16 15:16:35
Rohde&Schwarz,FSMR-3,200017/003,4.26;1.82.1.106;Rohde & Schwarz GmbH;FSMR-3;2024-07-16 15:17:45
Rohde&Schwarz,FSMR-3,200017/003,4.26;1.82.1.106;Rohde & Schwarz GmbH;FSMR-3;2024-07-16 15:24:22
Rohde&Schwarz,FSMR-3,200017/003,4.26;1.82.1.106;Rohde & Schwarz GmbH;FSMR-3;2024-07-16 15:31:25
Rohde&Schwarz,FSMR-3,200017/003,4.26;1.82.1.106;Rohde & Schwarz GmbH;FSMR-3;2024-07-16 15:35:19
Rohde&Schwarz,FSMR-3,200017/003,4.26;1.82.1.106;Rohde & Schwarz GmbH;FSMR-3;2024-07-17 15:11:10
Rohde&Schwarz,FSMR-3,200017/003,4.26;1.82.1.106;Rohde & Schwarz GmbH;FSMR-3;2024-07-18 12:14:11
Rohde&Schwarz,FSMR-3,200017/003,4.26;1.82.1.106;Rohde & Schwarz GmbH;FSMR-3;2024-07-19 15:22:59
Rohde&Schwarz,FSMR-3,200017/003,4.26;1.82.1.106;Rohde & Schwarz GmbH;FSMR-3;2024-07-22 08:27:01
Rohde&Schwarz,FSMR-3,200017/003,4.26;1.82.1.106;Rohde & Schwarz GmbH;FSMR-3;2024-07-23 11:23:18
Rohde&Schwarz,FSMR-3,200017/003,4.26;1.82.1.106;Rohde & Schwarz GmbH;FSMR-3;2024-07-23 11:49:08
Rohde&Schwarz,FSMR-3,200017/003,4.26;1.82.1.106;Rohde & Schwarz GmbH;FSMR-3;2024-07-26 09:34:24
Rohde&Schwarz,FSMR-3,200017/003,4.26;1.82.1.106;Rohde & Schwarz GmbH;FSMR-3;2024-07-26 14:38:35
Rohde&Schwarz,FSMR-3,200017/003,4.26;1.82.1.106;Rohde & Schwarz GmbH;FSMR-3;2024-08-05 10:18:32
